id,datetime,temp_c,temp_f,humidity
1,2016-01-16T11:44:27,22.46421,72.435578,30
2,2016-01-16T11:44:57,22.42393,72.363074,30
3,2016-01-16T11:45:27,22.39372,72.308696,30
4,2016-01-16T11:45:58,22.41386,72.344948,30
5,2016-01-16T11:46:28,22.38365,72.29057,30
6,2016-01-16T11:46:58,22.38365,72.29057,30
7,2016-01-16T11:47:28,22.34337,72.218066,30
8,2016-01-16T11:47:58,22.32323,72.181814,30
9,2016-01-16T11:48:29,22.32323,72.181814,30
10,2016-01-16T11:48:59,22.32323,72.181814,30
11,2016-01-16T11:49:29,22.29302,72.127436,30
12,2016-01-16T11:49:59,22.28295,72.10931,31
13,2016-01-16T11:50:29,22.27288,72.091184,30
14,2016-01-16T11:50:59,22.24267,72.036806,30
15,2016-01-16T11:51:29,22.25274,72.054932,31
16,2016-01-16T11:51:59,22.24267,72.036806,30
17,2016-01-16T11:52:29,22.22253,72.000554,31
18,2016-01-16T11:52:59,22.21246,71.982428,31
19,2016-01-16T11:53:29,22.20239,71.964302,30
20,2016-01-16T11:58:03,22.18225,71.92805,31
21,2016-01-16T11:58:34,22.18225,71.92805,31
22,2016-01-16T11:59:04,22.15204,71.873672,31
23,2016-01-16T11:59:34,22.17218,71.909924,31
24,2016-01-16T12:00:05,22.18225,71.92805,31
25,2016-01-16T12:00:55,22.18225,71.92805,31
26,2016-01-16T12:01:56,22.15204,71.873672,31
27,2016-01-16T12:02:56,22.15204,71.873672,31
28,2016-01-16T12:03:56,22.10169,71.783042,31
29,2016-01-16T12:04:56,22.01106,71.619908,31
30,2016-01-16T12:05:56,22.01106,71.619908,31
31,2016-01-16T12:06:56,22.04127,71.674286,31
32,2016-01-16T12:07:56,22.11176,71.801168,30
33,2016-01-16T12:08:57,22.18225,71.92805,30
34,2016-01-16T12:09:57,22.28295,72.10931,30
35,2016-01-16T12:10:57,22.35344,72.236192,30
36,2016-01-16T12:11:57,22.41386,72.344948,30
37,2016-01-16T12:12:57,22.48435,72.47183,29
38,2016-01-16T12:13:57,22.5347,72.56246,29
39,2016-01-16T12:14:57,22.56491,72.616838,29
40,2016-01-16T12:15:57,22.5347,72.56246,29
41,2016-01-16T12:16:57,22.49442,72.489956,29
42,2016-01-16T12:17:57,22.45414,72.417452,29
43,2016-01-16T12:18:57,22.42393,72.363074,29
44,2016-01-16T12:19:58,22.35344,72.236192,29
45,2016-01-16T12:20:58,22.31316,72.163688,29
46,2016-01-16T12:21:58,22.28295,72.10931,29
47,2016-01-16T12:22:58,22.24267,72.036806,29
48,2016-01-16T12:23:58,22.22253,72.000554,29
49,2016-01-16T12:24:58,22.20239,71.964302,29
50,2016-01-16T12:25:58,22.17218,71.909924,29
51,2016-01-16T12:26:58,22.15204,71.873672,29
52,2016-01-16T12:27:58,22.11176,71.801168,29
53,2016-01-16T12:28:58,22.00099,71.601782,30
54,2016-01-16T12:29:58,22.04127,71.674286,29
55,2016-01-16T12:30:59,22.08155,71.74679,29
56,2016-01-16T12:31:59,22.06141,71.710538,30
57,2016-01-16T12:32:59,21.94057,71.493026,30
58,2016-01-16T12:33:59,22.01106,71.619908,30
59,2016-01-16T12:34:59,22.07148,71.728664,30
60,2016-01-16T12:40:40,21.1249,70.02482,27
61,2016-01-16T12:41:40,23.30002,73.940036,24
62,2016-01-16T12:42:41,23.6424,74.55632,23
63,2016-01-16T12:43:41,24.00492,75.208856,23
64,2016-01-16T12:44:41,24.37751,75.879518,22
65,2016-01-16T12:45:41,24.67961,76.423298,22
66,2016-01-16T12:46:41,24.89108,76.803944,22
67,2016-01-16T12:47:41,25.1529,77.27522,21
68,2016-01-16T12:48:41,25.455,77.819,21
69,2016-01-16T12:49:42,25.64633,78.163394,21
70,2016-01-16T12:50:42,25.80745,78.45341,21
71,2016-01-16T12:51:42,25.98871,78.779678,21
72,2016-01-16T12:52:42,26.22032,79.196576,20
73,2016-01-16T12:53:42,26.34116,79.414088,20
74,2016-01-16T12:54:42,26.40158,79.522844,20
75,2016-01-16T12:55:42,26.54256,79.776608,20
76,2016-01-16T12:56:42,26.64326,79.957868,20
77,2016-01-16T12:57:42,26.69361,80.048498,20
78,2016-01-16T12:58:42,26.78424,80.211632,20
79,2016-01-16T12:59:42,26.89501,80.411018,19
80,2016-01-16T13:00:42,26.98564,80.574152,19
81,2016-01-16T13:01:42,26.98564,80.574152,19
82,2016-01-16T13:02:42,27.07627,80.737286,19
83,2016-01-16T13:03:43,27.19711,80.954798,19
84,2016-01-16T13:04:43,27.20718,80.972924,19
85,2016-01-16T13:05:43,27.19711,80.954798,19
86,2016-01-16T13:06:43,27.30788,81.154184,19
87,2016-01-16T13:07:43,27.43879,81.389822,19
88,2016-01-16T13:08:43,27.44886,81.407948,19
89,2016-01-16T13:09:43,27.41865,81.35357,19
90,2016-01-16T13:10:43,27.44886,81.407948,19
91,2016-01-16T13:11:43,27.47907,81.462326,19
92,2016-01-16T13:12:43,27.47907,81.462326,19
93,2016-01-16T13:13:43,27.43879,81.389822,19
94,2016-01-16T13:14:43,27.50928,81.516704,19
95,2016-01-16T13:15:43,27.52942,81.552956,18
96,2016-01-16T13:16:43,27.50928,81.516704,19
97,2016-01-16T13:17:44,27.50928,81.516704,19
98,2016-01-16T13:18:44,27.55963,81.607334,18
99,2016-01-16T13:19:44,27.55963,81.607334,18
100,2016-01-16T13:20:44,27.50928,81.516704,18
101,2016-01-16T13:21:44,27.54956,81.589208,18
102,2016-01-16T13:22:44,27.62005,81.71609,18
103,2016-01-16T13:23:44,27.62005,81.71609,18
104,2016-01-16T13:24:44,27.51935,81.53483,18
105,2016-01-16T13:25:44,27.57977,81.643586,18
106,2016-01-16T13:26:44,27.58984,81.661712,18
107,2016-01-16T13:27:44,27.52942,81.552956,18
108,2016-01-16T13:28:44,27.51935,81.53483,18
109,2016-01-16T13:29:44,27.57977,81.643586,18
110,2016-01-16T13:30:45,27.54956,81.589208,18
111,2016-01-16T13:31:45,27.48914,81.480452,18
112,2016-01-16T13:32:45,27.57977,81.643586,18
113,2016-01-16T13:33:45,27.63012,81.734216,18
114,2016-01-16T13:34:45,27.54956,81.589208,18
115,2016-01-16T13:35:45,27.55963,81.607334,18
116,2016-01-16T13:36:45,27.55963,81.607334,18
117,2016-01-16T13:37:45,27.51935,81.53483,18
118,2016-01-16T13:38:45,27.54956,81.589208,19
119,2016-01-16T13:39:45,27.59991,81.679838,18
120,2016-01-16T13:40:47,27.63012,81.734216,18
121,2016-01-16T13:41:47,27.59991,81.679838,18
122,2016-01-16T13:42:47,27.57977,81.643586,18
123,2016-01-16T13:43:47,27.66033,81.788594,18
124,2016-01-16T13:44:47,27.63012,81.734216,18
125,2016-01-16T13:45:47,27.54956,81.589208,18
126,2016-01-16T13:46:47,27.63012,81.734216,18
127,2016-01-16T13:47:47,27.66033,81.788594,18
128,2016-01-16T13:48:47,27.63012,81.734216,18
129,2016-01-16T13:49:47,27.58984,81.661712,18
130,2016-01-16T13:50:47,27.59991,81.679838,18
131,2016-01-16T13:51:47,27.62005,81.71609,18
132,2016-01-16T13:52:48,27.55963,81.607334,18
133,2016-01-16T13:53:48,27.62005,81.71609,18
134,2016-01-16T13:54:48,27.65026,81.770468,18
135,2016-01-16T13:55:48,27.57977,81.643586,18
136,2016-01-16T13:56:48,27.57977,81.643586,18
137,2016-01-16T13:57:48,27.62005,81.71609,18
138,2016-01-16T13:58:48,27.59991,81.679838,18
139,2016-01-16T13:59:48,27.54956,81.589208,18
140,2016-01-16T14:00:48,27.65026,81.770468,18
141,2016-01-16T14:01:48,27.72075,81.89735,18
142,2016-01-16T14:02:48,27.69054,81.842972,18
143,2016-01-16T14:03:48,27.63012,81.734216,18
144,2016-01-16T14:04:48,27.66033,81.788594,18
145,2016-01-16T14:05:48,27.65026,81.770468,18
146,2016-01-16T14:06:48,27.55963,81.607334,18
147,2016-01-16T14:07:49,27.63012,81.734216,18
148,2016-01-16T14:08:49,27.65026,81.770468,18
149,2016-01-16T14:09:49,27.62005,81.71609,18
150,2016-01-16T14:10:49,27.58984,81.661712,18
151,2016-01-16T14:11:49,27.6704,81.80672,18
152,2016-01-16T14:12:49,27.70061,81.861098,18
153,2016-01-16T14:13:49,27.66033,81.788594,18
154,2016-01-16T14:14:49,27.63012,81.734216,18
155,2016-01-16T14:15:49,27.72075,81.89735,18
156,2016-01-16T14:16:49,27.70061,81.861098,18
157,2016-01-16T14:17:49,27.62005,81.71609,18
158,2016-01-16T14:18:49,27.62005,81.71609,18
159,2016-01-16T14:19:49,27.59991,81.679838,18
160,2016-01-16T14:20:49,27.54956,81.589208,18
161,2016-01-16T14:21:49,27.59991,81.679838,18
162,2016-01-16T14:22:50,27.63012,81.734216,18
163,2016-01-16T14:23:50,27.58984,81.661712,18
164,2016-01-16T14:24:50,27.62005,81.71609,18
165,2016-01-16T14:25:50,27.69054,81.842972,18
166,2016-01-16T14:26:50,27.70061,81.861098,18
167,2016-01-16T14:27:50,27.62005,81.71609,18
168,2016-01-16T14:28:50,27.69054,81.842972,18
169,2016-01-16T14:29:50,27.73082,81.915476,18
170,2016-01-16T14:30:50,27.70061,81.861098,18
171,2016-01-16T14:31:50,27.66033,81.788594,18
172,2016-01-16T14:32:50,27.73082,81.915476,18
173,2016-01-16T14:33:50,27.79124,82.024232,18
174,2016-01-16T14:34:50,27.7711,81.98798,18
175,2016-01-16T14:35:50,27.72075,81.89735,18
176,2016-01-16T14:36:51,27.74089,81.933602,18
177,2016-01-16T14:37:51,27.73082,81.915476,18
178,2016-01-16T14:38:51,27.66033,81.788594,18
179,2016-01-16T14:39:51,27.6704,81.80672,18
180,2016-01-16T14:40:51,27.72075,81.89735,18
181,2016-01-16T14:41:51,27.66033,81.788594,18
182,2016-01-16T14:42:51,27.62005,81.71609,18
183,2016-01-16T14:43:51,27.69054,81.842972,18
184,2016-01-16T14:44:51,27.6704,81.80672,18
185,2016-01-16T14:45:51,27.57977,81.643586,18
186,2016-01-16T14:46:51,27.6704,81.80672,18
187,2016-01-16T14:47:51,27.73082,81.915476,18
188,2016-01-16T14:48:51,27.76103,81.969854,18
189,2016-01-16T14:49:51,27.6704,81.80672,18
190,2016-01-16T14:50:51,27.7711,81.98798,18
191,2016-01-16T14:51:52,27.89194,82.205492,18
192,2016-01-16T14:52:52,27.89194,82.205492,18
193,2016-01-16T14:53:52,27.80131,82.042358,18
194,2016-01-16T14:54:52,27.83152,82.096736,18
195,2016-01-16T14:55:52,27.89194,82.205492,18
196,2016-01-16T14:56:52,27.8718,82.16924,18
197,2016-01-16T14:57:52,27.76103,81.969854,18
198,2016-01-16T14:58:52,27.83152,82.096736,18
199,2016-01-16T14:59:52,27.81138,82.060484,18
200,2016-01-16T15:00:52,27.80131,82.042358,18
201,2016-01-16T15:01:52,27.76103,81.969854,18
202,2016-01-16T15:02:52,27.80131,82.042358,18
203,2016-01-16T15:03:52,27.81138,82.060484,18
204,2016-01-16T15:04:53,27.74089,81.933602,18
205,2016-01-16T15:05:53,27.7711,81.98798,18
206,2016-01-16T15:06:53,27.8718,82.16924,18
207,2016-01-16T15:07:53,27.84159,82.114862,18
208,2016-01-16T15:08:53,27.76103,81.969854,18
209,2016-01-16T15:09:53,27.81138,82.060484,18
210,2016-01-16T15:10:53,27.93222,82.277996,18
211,2016-01-16T15:11:53,27.91208,82.241744,18
212,2016-01-16T15:12:53,27.81138,82.060484,18
213,2016-01-16T15:13:53,27.81138,82.060484,18
214,2016-01-16T15:14:53,27.84159,82.114862,18
215,2016-01-16T15:15:53,27.80131,82.042358,18
216,2016-01-16T15:16:53,27.76103,81.969854,18
217,2016-01-16T15:17:53,27.83152,82.096736,18
218,2016-01-16T15:18:54,27.81138,82.060484,18
219,2016-01-16T15:19:54,27.76103,81.969854,18
220,2016-01-16T15:20:54,27.81138,82.060484,18
221,2016-01-16T15:21:54,27.89194,82.205492,18
222,2016-01-16T15:22:54,27.91208,82.241744,18
223,2016-01-16T15:23:54,27.84159,82.114862,18
224,2016-01-16T15:24:54,27.83152,82.096736,18
225,2016-01-16T15:25:54,27.94229,82.296122,18
226,2016-01-16T15:26:54,27.93222,82.277996,18
227,2016-01-16T15:27:54,27.84159,82.114862,18
228,2016-01-16T15:28:54,27.84159,82.114862,18
229,2016-01-16T15:29:54,27.86173,82.151114,18
230,2016-01-16T15:30:54,27.80131,82.042358,18
231,2016-01-16T15:31:55,27.74089,81.933602,18
232,2016-01-16T15:32:55,27.80131,82.042358,18
233,2016-01-16T15:33:55,27.84159,82.114862,18
234,2016-01-16T15:34:55,27.79124,82.024232,18
235,2016-01-16T15:35:55,27.74089,81.933602,18
236,2016-01-16T15:36:55,27.81138,82.060484,18
237,2016-01-16T15:37:55,27.81138,82.060484,18
238,2016-01-16T15:38:55,27.73082,81.915476,18
239,2016-01-16T15:39:55,27.79124,82.024232,18
240,2016-01-16T15:40:55,27.86173,82.151114,18
241,2016-01-16T15:41:55,27.80131,82.042358,18
242,2016-01-16T15:42:55,27.73082,81.915476,18
243,2016-01-16T15:43:56,27.81138,82.060484,18
244,2016-01-16T15:44:56,27.83152,82.096736,18
245,2016-01-16T15:45:56,27.79124,82.024232,18
246,2016-01-16T15:46:56,27.7711,81.98798,18
247,2016-01-16T15:47:56,27.86173,82.151114,18
248,2016-01-16T15:48:56,27.83152,82.096736,18
249,2016-01-16T15:49:56,27.74089,81.933602,18
250,2016-01-16T15:50:56,27.80131,82.042358,18
251,2016-01-16T15:51:56,27.86173,82.151114,18
252,2016-01-16T15:52:56,27.80131,82.042358,18
253,2016-01-16T15:53:56,27.74089,81.933602,18
254,2016-01-16T15:54:56,27.81138,82.060484,18
255,2016-01-16T15:55:56,27.90201,82.223618,18
256,2016-01-16T15:56:56,27.86173,82.151114,18
257,2016-01-16T15:57:56,27.7711,81.98798,18
258,2016-01-16T15:58:57,27.89194,82.205492,18
259,2016-01-16T15:59:57,27.90201,82.223618,18
260,2016-01-16T16:00:57,27.81138,82.060484,18
261,2016-01-16T16:01:57,27.79124,82.024232,18
262,2016-01-16T16:02:57,27.81138,82.060484,18
263,2016-01-16T16:03:57,27.79124,82.024232,18
264,2016-01-16T16:04:57,27.70061,81.861098,18
265,2016-01-16T16:05:57,27.74089,81.933602,18
266,2016-01-16T16:06:57,27.79124,82.024232,18
267,2016-01-16T16:07:57,27.74089,81.933602,18
268,2016-01-16T16:08:57,27.70061,81.861098,18
269,2016-01-16T16:09:57,27.80131,82.042358,18
270,2016-01-16T16:10:57,27.8718,82.16924,17
271,2016-01-16T16:11:57,27.83152,82.096736,17
272,2016-01-16T16:12:57,27.76103,81.969854,18
273,2016-01-16T16:13:58,27.7711,81.98798,18
274,2016-01-16T16:14:58,27.73082,81.915476,18
275,2016-01-16T16:15:58,27.69054,81.842972,18
276,2016-01-16T16:16:58,27.70061,81.861098,18
277,2016-01-16T16:17:58,27.6704,81.80672,18
278,2016-01-16T16:18:58,27.62005,81.71609,18
279,2016-01-16T16:19:58,27.6704,81.80672,18
280,2016-01-16T16:20:58,27.72075,81.89735,18
281,2016-01-16T16:21:58,27.6704,81.80672,18
282,2016-01-16T16:22:58,27.6704,81.80672,18
283,2016-01-16T16:23:58,27.80131,82.042358,18
284,2016-01-16T16:24:58,27.83152,82.096736,18
285,2016-01-16T16:25:59,27.80131,82.042358,18
286,2016-01-16T16:26:59,27.79124,82.024232,18
287,2016-01-16T16:27:59,27.86173,82.151114,18
288,2016-01-16T16:28:59,27.84159,82.114862,18
289,2016-01-16T16:29:59,27.76103,81.969854,18
290,2016-01-16T16:30:59,27.79124,82.024232,18
291,2016-01-16T16:31:59,27.84159,82.114862,18
292,2016-01-16T16:32:59,27.7711,81.98798,18
293,2016-01-16T16:33:59,27.72075,81.89735,18
294,2016-01-16T16:34:59,27.7711,81.98798,18
295,2016-01-16T16:35:59,27.73082,81.915476,18
296,2016-01-16T16:36:59,27.66033,81.788594,18
297,2016-01-16T16:38:00,27.74089,81.933602,18
298,2016-01-16T16:39:00,27.83152,82.096736,18
299,2016-01-16T16:40:00,27.81138,82.060484,18
300,2016-01-16T16:41:00,27.73082,81.915476,18
301,2016-01-16T16:42:00,27.79124,82.024232,18
302,2016-01-16T16:43:00,27.83152,82.096736,18
303,2016-01-16T16:44:00,27.7711,81.98798,18
304,2016-01-16T16:45:00,27.69054,81.842972,18
305,2016-01-16T16:46:00,27.73082,81.915476,18
306,2016-01-16T16:47:00,27.7711,81.98798,17
307,2016-01-16T16:48:00,27.72075,81.89735,17
308,2016-01-16T16:49:00,27.6704,81.80672,18
309,2016-01-16T16:50:00,27.66033,81.788594,18
310,2016-01-16T16:51:01,27.58984,81.661712,18
311,2016-01-16T16:52:01,27.58984,81.661712,18
312,2016-01-16T16:53:01,27.58984,81.661712,18
313,2016-01-16T16:54:01,27.52942,81.552956,18
314,2016-01-16T16:55:01,27.54956,81.589208,18
315,2016-01-16T16:56:01,27.52942,81.552956,18
316,2016-01-16T16:57:01,27.50928,81.516704,18
317,2016-01-16T16:58:01,27.58984,81.661712,18
318,2016-01-16T16:59:01,27.63012,81.734216,18
319,2016-01-16T17:00:01,27.59991,81.679838,18
320,2016-01-16T17:01:01,27.57977,81.643586,18
321,2016-01-16T17:02:01,27.66033,81.788594,18
322,2016-01-16T17:03:01,27.66033,81.788594,18
323,2016-01-16T17:04:01,27.62005,81.71609,18
324,2016-01-16T17:05:02,27.66033,81.788594,18
325,2016-01-16T17:06:02,27.76103,81.969854,18
326,2016-01-16T17:07:02,27.76103,81.969854,18
327,2016-01-16T17:08:02,27.69054,81.842972,18
328,2016-01-16T17:09:02,27.7711,81.98798,18
329,2016-01-16T17:10:02,27.86173,82.151114,17
330,2016-01-16T17:11:02,27.80131,82.042358,18
331,2016-01-16T17:12:02,27.72075,81.89735,18
332,2016-01-16T17:13:02,27.79124,82.024232,18
333,2016-01-16T17:14:02,27.86173,82.151114,17
334,2016-01-16T17:15:02,27.83152,82.096736,17
335,2016-01-16T17:16:02,27.7711,81.98798,17
336,2016-01-16T17:17:02,27.74089,81.933602,17
337,2016-01-16T17:18:02,27.81138,82.060484,17
338,2016-01-16T17:19:03,27.79124,82.024232,17
339,2016-01-16T17:20:03,27.73082,81.915476,18
340,2016-01-16T17:21:03,27.7711,81.98798,17
341,2016-01-16T17:22:03,27.79124,82.024232,17
342,2016-01-16T17:23:03,27.73082,81.915476,17
343,2016-01-16T17:24:03,27.72075,81.89735,17
344,2016-01-16T17:25:03,27.79124,82.024232,17
345,2016-01-16T17:26:03,27.80131,82.042358,17
346,2016-01-16T17:27:03,27.73082,81.915476,17
347,2016-01-16T17:28:03,27.74089,81.933602,17
348,2016-01-16T17:29:03,27.79124,82.024232,17
349,2016-01-16T17:30:03,27.70061,81.861098,17
350,2016-01-16T17:31:03,27.69054,81.842972,17
351,2016-01-16T17:32:03,27.70061,81.861098,17
352,2016-01-16T17:33:03,27.74089,81.933602,17
353,2016-01-16T17:34:03,27.6704,81.80672,17
354,2016-01-16T17:35:04,27.6704,81.80672,17
355,2016-01-16T17:36:04,27.66033,81.788594,18
356,2016-01-16T17:37:04,27.57977,81.643586,18
357,2016-01-16T17:38:04,27.66033,81.788594,18
358,2016-01-16T17:39:04,27.69054,81.842972,18
359,2016-01-16T17:40:04,27.62005,81.71609,18
360,2016-01-16T17:41:04,27.57977,81.643586,18
361,2016-01-16T17:42:04,27.59991,81.679838,18
362,2016-01-16T17:43:04,27.59991,81.679838,18
363,2016-01-16T17:44:04,27.58984,81.661712,18
364,2016-01-16T17:45:04,27.66033,81.788594,18
365,2016-01-16T17:46:04,27.66033,81.788594,17
366,2016-01-16T17:47:04,27.58984,81.661712,18
367,2016-01-16T17:48:04,27.6704,81.80672,18
368,2016-01-16T17:49:04,27.73082,81.915476,17
369,2016-01-16T17:50:05,27.6704,81.80672,17
370,2016-01-16T17:51:05,27.65026,81.770468,18
371,2016-01-16T17:52:05,27.72075,81.89735,17
372,2016-01-16T17:53:05,27.72075,81.89735,17
373,2016-01-16T17:54:05,27.69054,81.842972,17
374,2016-01-16T17:55:05,27.69054,81.842972,17
375,2016-01-16T17:56:05,27.74089,81.933602,17
376,2016-01-16T17:57:05,27.70061,81.861098,17
377,2016-01-16T17:58:05,27.6704,81.80672,17
378,2016-01-16T17:59:05,27.74089,81.933602,17
379,2016-01-16T18:00:05,27.7711,81.98798,17
380,2016-01-16T18:01:05,27.72075,81.89735,17
381,2016-01-16T18:02:05,27.72075,81.89735,17
382,2016-01-16T18:03:05,27.76103,81.969854,17
383,2016-01-16T18:04:05,27.72075,81.89735,17
384,2016-01-16T18:05:06,27.6704,81.80672,17
385,2016-01-16T18:06:06,27.76103,81.969854,17
386,2016-01-16T18:07:06,27.80131,82.042358,17
387,2016-01-16T18:08:06,27.76103,81.969854,17
388,2016-01-16T18:09:06,27.70061,81.861098,17
389,2016-01-16T18:10:06,27.76103,81.969854,17
390,2016-01-16T18:11:06,27.80131,82.042358,17
391,2016-01-16T18:12:06,27.73082,81.915476,17
392,2016-01-16T18:13:06,27.66033,81.788594,17
393,2016-01-16T18:14:06,27.7711,81.98798,17
394,2016-01-16T18:15:06,27.80131,82.042358,17
395,2016-01-16T18:16:06,27.74089,81.933602,17
396,2016-01-16T18:17:06,27.72075,81.89735,17
397,2016-01-16T18:18:06,27.76103,81.969854,17
398,2016-01-16T18:19:06,27.70061,81.861098,17
399,2016-01-16T18:20:07,27.66033,81.788594,17
400,2016-01-16T18:21:07,27.66033,81.788594,17
401,2016-01-16T18:22:07,26.88494,80.392892,18
402,2016-01-16T18:23:07,22.58505,72.65309,25
403,2016-01-16T18:24:07,20.12797,68.230346,29
404,2016-01-16T18:25:07,18.05355,64.49639,33
405,2016-01-16T18:26:07,16.40207,61.523726,38
406,2016-01-16T18:27:07,15.11311,59.203598,41
407,2016-01-16T18:28:07,13.89464,57.010352,45
408,2016-01-16T18:29:07,13.01855,55.43339,49
409,2016-01-16T18:30:07,12.19281,53.947058,52
410,2016-01-16T18:31:07,11.48791,52.678238,55
411,2016-01-16T18:32:07,10.92399,51.663182,58
412,2016-01-16T18:33:07,10.40035,50.72063,61
413,2016-01-16T18:34:07,9.95727,49.923086,63
414,2016-01-16T18:35:08,9.60482,49.288676,65
415,2016-01-16T18:36:08,9.31279000000001,48.763022,67
416,2016-01-16T18:37:08,9.02076,48.237368,68
417,2016-01-16T18:38:08,8.76901,47.784218,70
418,2016-01-16T18:39:08,8.56761,47.421698,71
419,2016-01-16T18:40:08,8.40649000000001,47.131682,72
420,2016-01-16T18:41:08,8.24537,46.841666,73
421,2016-01-16T18:42:08,8.13460000000001,46.64228,74
422,2016-01-16T18:43:08,8.02383,46.442894,75
423,2016-01-16T18:44:08,7.90299,46.225382,76
424,2016-01-16T18:45:08,7.82243,46.080374,76
425,2016-01-16T18:46:08,7.75194000000001,45.953492,77
426,2016-01-16T18:47:08,7.69152,45.844736,78
427,2016-01-16T18:48:08,7.64117,45.754106,78
428,2016-01-16T18:49:08,7.57068,45.627224,79
429,2016-01-16T18:50:08,7.52033,45.536594,79
430,2016-01-16T18:51:09,7.50019,45.500342,80
431,2016-01-16T18:52:09,7.44984,45.409712,80
432,2016-01-16T18:53:09,7.43977,45.391586,80
433,2016-01-16T18:54:09,7.39949000000001,45.319082,81
434,2016-01-16T18:55:09,7.37935,45.28283,81
435,2016-01-16T18:56:09,7.35921,45.246578,81
436,2016-01-16T18:57:09,7.35921,45.246578,82
437,2016-01-16T18:58:09,7.33907000000001,45.210326,82
438,2016-01-16T18:59:09,7.329,45.1922,82
439,2016-01-16T19:00:09,7.30886,45.155948,82
440,2016-01-16T19:01:09,7.29879,45.137822,83
441,2016-01-16T19:02:09,7.29879,45.137822,83
442,2016-01-16T19:03:09,7.28872000000001,45.119696,83
443,2016-01-16T19:04:09,7.28872000000001,45.119696,83
444,2016-01-16T19:05:10,7.28872000000001,45.119696,83
445,2016-01-16T19:06:10,7.28872000000001,45.119696,84
446,2016-01-16T19:07:10,7.26858000000001,45.083444,84
447,2016-01-16T19:08:10,7.28872000000001,45.119696,84
448,2016-01-16T19:09:10,7.28872000000001,45.119696,84
449,2016-01-16T19:10:10,7.29879,45.137822,84
450,2016-01-16T19:11:10,7.29879,45.137822,84
451,2016-01-16T19:12:10,7.28872000000001,45.119696,85
452,2016-01-16T19:13:10,7.28872000000001,45.119696,85
453,2016-01-16T19:14:10,7.29879,45.137822,85
454,2016-01-16T19:15:10,7.30886,45.155948,85
455,2016-01-16T19:16:10,7.30886,45.155948,85
456,2016-01-16T19:17:10,7.30886,45.155948,85
457,2016-01-16T19:18:11,7.329,45.1922,85
458,2016-01-16T19:19:11,7.329,45.1922,85
459,2016-01-16T19:20:11,7.329,45.1922,86
460,2016-01-16T19:21:11,7.33907000000001,45.210326,86
461,2016-01-16T19:22:11,7.33907000000001,45.210326,86
462,2016-01-16T19:23:11,7.33907000000001,45.210326,86
463,2016-01-16T19:24:11,7.33907000000001,45.210326,86
464,2016-01-16T19:25:11,7.33907000000001,45.210326,86
465,2016-01-16T19:26:11,7.33907000000001,45.210326,86
466,2016-01-16T19:27:11,7.35921,45.246578,86
467,2016-01-16T19:28:11,7.35921,45.246578,86
468,2016-01-16T19:29:11,7.36928,45.264704,86
469,2016-01-16T19:30:11,7.37935,45.28283,86
470,2016-01-16T19:31:11,7.37935,45.28283,87
471,2016-01-16T19:32:12,7.37935,45.28283,87
472,2016-01-16T19:33:12,7.39949000000001,45.319082,87
473,2016-01-16T19:34:12,7.40956000000001,45.337208,87
474,2016-01-16T19:35:12,7.40956000000001,45.337208,87
475,2016-01-16T19:36:12,7.40956000000001,45.337208,87
476,2016-01-16T19:37:12,7.4297,45.37346,87
477,2016-01-16T19:38:12,7.43977,45.391586,87
478,2016-01-16T19:39:12,7.43977,45.391586,87
479,2016-01-16T19:40:12,7.44984,45.409712,87
480,2016-01-16T19:41:12,7.44984,45.409712,87
481,2016-01-16T19:42:12,7.44984,45.409712,87
482,2016-01-16T19:43:12,7.44984,45.409712,87
483,2016-01-16T19:44:12,7.48005000000001,45.46409,88
484,2016-01-16T19:45:12,7.48005000000001,45.46409,87
485,2016-01-16T19:46:13,7.48005000000001,45.46409,88
486,2016-01-16T19:47:13,7.48005000000001,45.46409,88
487,2016-01-16T19:48:13,7.50019,45.500342,88
488,2016-01-16T19:49:13,7.51026,45.518468,88
489,2016-01-16T19:50:13,7.51026,45.518468,88
490,2016-01-16T19:51:13,7.52033,45.536594,88
491,2016-01-16T19:52:13,7.52033,45.536594,88
492,2016-01-16T19:53:13,7.52033,45.536594,88
493,2016-01-16T19:54:13,7.51026,45.518468,87
494,2016-01-16T19:55:13,7.36928,45.264704,82
495,2016-01-16T19:56:13,7.25851,45.065318,81
496,2016-01-16T19:57:13,7.1276,44.82968,80
497,2016-01-16T19:58:13,7.02690000000001,44.64842,76
498,2016-01-16T19:59:13,6.83557,44.304026,70
499,2016-01-16T20:00:13,6.67445000000001,44.01401,65
500,2016-01-16T20:01:14,6.50326,43.705868,60
501,2016-01-16T20:02:14,6.29179000000001,43.325222,55
502,2016-01-16T20:03:14,6.07025,42.92645,52
503,2016-01-16T20:04:14,5.75808000000001,42.364544,49
504,2016-01-16T20:05:14,5.48619,41.875142,47
505,2016-01-16T20:06:14,5.17402000000001,41.313236,46
506,2016-01-16T20:07:14,4.93234,40.878212,50
507,2016-01-16T20:08:14,4.82157,40.678826,58
508,2016-01-16T20:09:14,4.76115,40.57007,65
509,2016-01-16T20:10:14,4.74101,40.533818,71
510,2016-01-16T20:11:14,4.76115,40.57007,74
511,2016-01-16T20:12:14,4.79136,40.624448,77
512,2016-01-16T20:13:14,4.85178000000001,40.733204,79
513,2016-01-16T20:14:14,4.93234,40.878212,81
514,2016-01-16T20:15:15,5.02297,41.041346,82
515,2016-01-16T20:16:15,5.13374,41.240732,83
516,2016-01-16T20:17:15,5.24451000000001,41.440118,84
517,2016-01-16T20:18:15,5.34521,41.621378,84
518,2016-01-16T20:19:15,5.45598,41.820764,85
519,2016-01-16T20:20:15,5.54661,41.983898,85
520,2016-01-16T20:21:16,5.64731,42.165158,86
521,2016-01-16T20:22:16,5.72787,42.310166,86
522,2016-01-16T20:23:16,5.79836,42.437048,86
523,2016-01-16T20:24:16,5.87892,42.582056,86
524,2016-01-16T20:25:16,5.95948000000001,42.727064,86
525,2016-01-16T20:26:16,6.00983,42.817694,86
526,2016-01-16T20:27:16,6.08032,42.944576,86
527,2016-01-16T20:28:16,6.15081000000001,43.071458,86
528,2016-01-16T20:29:16,6.19109,43.143962,86
529,2016-01-16T20:30:16,6.25151,43.252718,86
530,2016-01-16T20:31:16,6.31193,43.361474,86
531,2016-01-16T20:32:16,6.36228000000001,43.452104,86
532,2016-01-16T20:33:16,6.39249,43.506482,86
533,2016-01-16T20:34:16,6.46298,43.633364,86
534,2016-01-16T20:35:16,6.49319000000001,43.687742,86
535,2016-01-16T20:36:17,6.5234,43.74212,86
536,2016-01-16T20:37:17,6.56368000000001,43.814624,86
537,2016-01-16T20:38:17,6.59389,43.869002,86
538,2016-01-16T20:39:17,6.62410000000001,43.92338,86
539,2016-01-16T20:40:17,6.66438,43.995884,86
540,2016-01-16T20:41:17,6.67445000000001,44.01401,86
541,2016-01-16T20:42:17,6.71473,44.086514,86
542,2016-01-16T20:43:17,6.73487,44.122766,86
543,2016-01-16T20:44:17,6.76508,44.177144,86
544,2016-01-16T20:45:17,6.78522,44.213396,86
545,2016-01-16T20:46:17,6.78522,44.213396,86
546,2016-01-16T20:47:17,6.81543000000001,44.267774,86
547,2016-01-16T20:48:17,6.85571,44.340278,86
548,2016-01-16T20:49:17,6.85571,44.340278,86
549,2016-01-16T20:50:18,6.88592000000001,44.394656,86
550,2016-01-16T20:51:18,6.90606,44.430908,86
551,2016-01-16T20:52:18,6.91613,44.449034,86
552,2016-01-16T20:53:18,6.95641000000001,44.521538,86
553,2016-01-16T20:54:18,6.95641000000001,44.521538,86
554,2016-01-16T20:55:18,6.95641000000001,44.521538,86
555,2016-01-16T20:56:18,6.98662,44.575916,86
556,2016-01-16T20:57:18,7.00676000000001,44.612168,86
557,2016-01-16T20:58:18,7.01683000000001,44.630294,86
558,2016-01-16T20:59:18,7.01683000000001,44.630294,86
559,2016-01-16T21:00:18,7.02690000000001,44.64842,87
560,2016-01-16T21:01:18,7.04704,44.684672,87
561,2016-01-16T21:02:18,7.05711,44.702798,87
562,2016-01-16T21:03:18,7.07725000000001,44.73905,87
563,2016-01-16T21:04:18,7.07725000000001,44.73905,87
564,2016-01-16T21:05:18,7.1276,44.82968,87
565,2016-01-16T21:06:18,7.16788,44.902184,86
566,2016-01-16T21:07:19,7.19809,44.956562,86
567,2016-01-16T21:08:19,7.2283,45.01094,86
568,2016-01-16T21:09:19,7.25851,45.065318,86
569,2016-01-16T21:10:19,7.26858000000001,45.083444,86
570,2016-01-16T21:11:19,7.28872000000001,45.119696,86
571,2016-01-16T21:12:19,7.30886,45.155948,86
572,2016-01-16T21:13:19,7.30886,45.155948,86
573,2016-01-16T21:14:19,7.35921,45.246578,86
574,2016-01-16T21:15:19,7.36928,45.264704,86
575,2016-01-16T21:16:19,7.37935,45.28283,86
576,2016-01-16T21:17:19,7.37935,45.28283,86
577,2016-01-16T21:18:19,7.40956000000001,45.337208,86
578,2016-01-16T21:19:19,7.4297,45.37346,86
579,2016-01-16T21:20:19,7.50019,45.500342,86
580,2016-01-16T21:21:19,7.48005000000001,45.46409,85
581,2016-01-16T21:22:19,7.50019,45.500342,86
582,2016-01-16T21:23:19,7.54047000000001,45.572846,86
583,2016-01-16T21:24:20,7.52033,45.536594,86
584,2016-01-16T21:25:20,7.54047000000001,45.572846,86
585,2016-01-16T21:26:20,7.55054000000001,45.590972,86
586,2016-01-16T21:27:20,7.58075,45.64535,86
587,2016-01-16T21:28:20,7.58075,45.64535,86
588,2016-01-16T21:29:20,7.60089000000001,45.681602,86
589,2016-01-16T21:30:20,7.61096000000001,45.699728,87
590,2016-01-16T21:31:20,7.62103,45.717854,87
591,2016-01-16T21:32:20,7.65124,45.772232,87
592,2016-01-16T21:33:20,7.61096000000001,45.699728,85
593,2016-01-16T21:34:20,7.37935,45.28283,81
594,2016-01-16T21:35:20,7.21823000000001,44.992814,80
595,2016-01-16T21:36:20,7.08732000000001,44.757176,78
596,2016-01-16T21:37:20,6.9262,44.46716,72
597,2016-01-16T21:38:20,6.74494000000001,44.140892,65
598,2016-01-16T21:39:20,6.5234,43.74212,60
599,2016-01-16T21:40:20,6.25151,43.252718,55
600,2016-01-16T21:41:21,6.02997000000001,42.853946,53
601,2016-01-16T21:42:21,5.72787,42.310166,50
602,2016-01-16T21:43:21,5.40563,41.730134,49
603,2016-01-16T21:44:21,5.02297,41.041346,48
604,2016-01-16T21:45:21,4.74101,40.533818,50
605,2016-01-16T21:46:21,4.62017,40.316306,57
606,2016-01-16T21:47:21,4.53961,40.171298,65
607,2016-01-16T21:48:21,4.53961,40.171298,71
608,2016-01-16T21:49:21,4.57989000000001,40.243802,75
609,2016-01-16T21:50:22,4.65038000000001,40.370684,78
610,2016-01-16T21:51:22,4.74101,40.533818,80
611,2016-01-16T21:52:22,4.84171000000001,40.715078,82
612,2016-01-16T21:53:22,4.95248,40.914464,83
613,2016-01-16T21:54:22,5.06325,41.11385,84
614,2016-01-16T21:55:22,5.17402000000001,41.313236,85
615,2016-01-16T21:56:22,5.30493000000001,41.548874,85
616,2016-01-16T21:57:22,5.43584000000001,41.784512,86
617,2016-01-16T21:58:22,5.54661,41.983898,86
618,2016-01-16T21:59:22,5.65738,42.183284,86
619,2016-01-16T22:00:22,5.78829,42.418922,86
620,2016-01-16T22:01:23,5.87892,42.582056,86
621,2016-01-16T22:02:23,5.96955000000001,42.74519,86
622,2016-01-16T22:03:23,6.05011,42.890198,86
623,2016-01-16T22:04:23,6.14074,43.053332,86
624,2016-01-16T22:05:23,6.21123,43.180214,86
625,2016-01-16T22:06:23,6.28172000000001,43.307096,86
626,2016-01-16T22:07:23,6.35221000000001,43.433978,86
627,2016-01-16T22:08:23,6.42270000000001,43.56086,85
628,2016-01-16T22:09:23,6.49319000000001,43.687742,85
629,2016-01-16T22:10:23,6.5234,43.74212,85
630,2016-01-16T22:11:23,6.59389,43.869002,85
631,2016-01-16T22:12:23,6.63417,43.941506,85
632,2016-01-16T22:13:23,6.69459000000001,44.050262,85
633,2016-01-16T22:14:23,6.73487,44.122766,85
634,2016-01-16T22:15:24,6.76508,44.177144,85
635,2016-01-16T22:16:24,6.80536,44.249648,84
636,2016-01-16T22:17:24,6.85571,44.340278,84
637,2016-01-16T22:18:24,6.88592000000001,44.394656,84
638,2016-01-16T22:19:24,6.9262,44.46716,84
639,2016-01-16T22:20:24,6.94634000000001,44.503412,84
640,2016-01-16T22:21:24,6.97655,44.55779,84
641,2016-01-16T22:22:24,7.01683000000001,44.630294,84
642,2016-01-16T22:23:24,7.02690000000001,44.64842,84
643,2016-01-16T22:24:24,7.08732000000001,44.757176,84
644,2016-01-16T22:25:24,7.09739,44.775302,84
645,2016-01-16T22:26:24,7.1276,44.82968,84
646,2016-01-16T22:27:24,7.14774000000001,44.865932,84
647,2016-01-16T22:28:24,7.16788,44.902184,84
648,2016-01-16T22:29:24,7.19809,44.956562,84
649,2016-01-16T22:30:25,7.21823000000001,44.992814,84
650,2016-01-16T22:31:25,7.2283,45.01094,85
651,2016-01-16T22:32:25,7.23837,45.029066,85
652,2016-01-16T22:33:25,7.26858000000001,45.083444,85
653,2016-01-16T22:34:25,7.28872000000001,45.119696,85
654,2016-01-16T22:35:25,7.29879,45.137822,85
655,2016-01-16T22:36:25,7.329,45.1922,85
656,2016-01-16T22:37:25,7.33907000000001,45.210326,85
657,2016-01-16T22:38:25,7.35921,45.246578,85
658,2016-01-16T22:39:25,7.36928,45.264704,85
659,2016-01-16T22:40:25,7.39949000000001,45.319082,85
660,2016-01-16T22:41:26,7.40956000000001,45.337208,85
661,2016-01-16T22:42:26,7.40956000000001,45.337208,85
662,2016-01-16T22:43:26,7.4297,45.37346,85
663,2016-01-16T22:44:26,7.43977,45.391586,85
664,2016-01-16T22:45:26,7.46998000000001,45.445964,85
665,2016-01-16T22:46:26,7.46998000000001,45.445964,85
666,2016-01-16T22:47:26,7.48005000000001,45.46409,85
667,2016-01-16T22:48:27,7.48005000000001,45.46409,85
668,2016-01-16T22:49:27,7.50019,45.500342,85
669,2016-01-16T22:50:27,7.54047000000001,45.572846,85
670,2016-01-16T22:51:28,7.54047000000001,45.572846,85
671,2016-01-16T22:52:28,7.54047000000001,45.572846,86
672,2016-01-16T22:53:28,7.55054000000001,45.590972,86
673,2016-01-16T22:54:28,7.55054000000001,45.590972,86
674,2016-01-16T22:55:28,7.57068,45.627224,86
675,2016-01-16T22:56:28,7.58075,45.64535,86
676,2016-01-16T22:57:28,7.58075,45.64535,86
677,2016-01-16T22:58:28,7.61096000000001,45.699728,86
678,2016-01-16T22:59:28,7.62103,45.717854,86
679,2016-01-16T23:00:28,7.62103,45.717854,86
680,2016-01-16T23:01:28,7.64117,45.754106,86
681,2016-01-16T23:02:28,7.67138000000001,45.808484,86
682,2016-01-16T23:03:29,7.67138000000001,45.808484,86
683,2016-01-16T23:04:29,7.68145000000001,45.82661,86
684,2016-01-16T23:05:29,7.71166,45.880988,86
685,2016-01-16T23:06:29,7.69152,45.844736,86
686,2016-01-16T23:07:29,7.71166,45.880988,86
687,2016-01-16T23:08:29,7.72173,45.899114,86
688,2016-01-16T23:09:29,7.74187000000001,45.935366,86
689,2016-01-16T23:10:29,7.75194000000001,45.953492,86
690,2016-01-16T23:11:29,7.76201,45.971618,86
691,2016-01-16T23:12:29,7.76201,45.971618,86
692,2016-01-16T23:13:29,7.78215,46.00787,86
693,2016-01-16T23:14:30,7.79222,46.025996,86
694,2016-01-16T23:15:30,7.81236000000001,46.062248,86
695,2016-01-16T23:16:30,7.81236000000001,46.062248,86
696,2016-01-16T23:17:30,7.57068,45.627224,83
697,2016-01-16T23:18:30,7.36928,45.264704,81
698,2016-01-16T23:19:30,7.21823000000001,44.992814,80
699,2016-01-16T23:20:31,7.09739,44.775302,77
700,2016-01-16T23:21:31,6.94634000000001,44.503412,71
701,2016-01-16T23:22:31,6.74494000000001,44.140892,65
702,2016-01-16T23:23:31,6.50326,43.705868,60
703,2016-01-16T23:24:31,6.22130000000001,43.19834,56
704,2016-01-16T23:25:31,6.00983,42.817694,53
705,2016-01-16T23:26:31,5.68759000000001,42.237662,51
706,2016-01-16T23:27:31,5.34521,41.621378,49
707,2016-01-16T23:28:31,4.99276,40.986968,49
708,2016-01-16T23:29:31,4.76115,40.57007,52
709,2016-01-16T23:30:31,4.65038000000001,40.370684,60
710,2016-01-16T23:31:31,4.62017,40.316306,67
711,2016-01-16T23:32:31,4.62017,40.316306,72
712,2016-01-16T23:33:31,4.67052,40.406936,76
713,2016-01-16T23:34:31,4.74101,40.533818,79
714,2016-01-16T23:35:31,4.8115,40.6607,80
715,2016-01-16T23:36:32,4.92227,40.860086,82
716,2016-01-16T23:37:32,5.00283,41.005094,83
717,2016-01-16T23:38:32,5.10353000000001,41.186354,85
718,2016-01-16T23:39:32,5.23444000000001,41.421992,85
719,2016-01-16T23:40:32,5.34521,41.621378,86
720,2016-01-16T23:41:32,5.44591000000001,41.802638,86
721,2016-01-16T23:42:32,5.55668000000001,42.002024,86
722,2016-01-16T23:43:32,5.66745,42.20141,86
723,2016-01-16T23:44:32,5.78829,42.418922,86
724,2016-01-16T23:45:32,5.89906000000001,42.618308,86
725,2016-01-16T23:46:32,5.99976,42.799568,86
726,2016-01-16T23:47:32,6.08032,42.944576,86
727,2016-01-16T23:48:32,6.17095000000001,43.10771,86
728,2016-01-16T23:49:32,6.24144,43.234592,86
729,2016-01-16T23:50:32,6.31193,43.361474,86
730,2016-01-16T23:51:33,6.36228000000001,43.452104,86
731,2016-01-16T23:52:33,6.43277000000001,43.578986,86
732,2016-01-16T23:53:33,6.48312000000001,43.669616,85
733,2016-01-16T23:54:33,6.55361000000001,43.796498,85
734,2016-01-16T23:55:33,6.59389,43.869002,85
735,2016-01-16T23:56:33,6.63417,43.941506,85
736,2016-01-16T23:57:33,6.66438,43.995884,85
737,2016-01-16T23:58:33,6.70466,44.068388,85
738,2016-01-16T23:59:33,6.73487,44.122766,85
739,2016-01-17T00:00:33,6.77515,44.19527,85
740,2016-01-17T00:01:33,6.81543000000001,44.267774,85
741,2016-01-17T00:02:33,6.84564,44.322152,85
742,2016-01-17T00:03:33,6.87585000000001,44.37653,85
743,2016-01-17T00:04:33,6.90606,44.430908,85
744,2016-01-17T00:05:33,6.94634000000001,44.503412,85
745,2016-01-17T00:06:34,6.95641000000001,44.521538,85
746,2016-01-17T00:07:34,6.98662,44.575916,85
747,2016-01-17T00:08:34,7.00676000000001,44.612168,85
748,2016-01-17T00:09:34,7.01683000000001,44.630294,85
749,2016-01-17T00:10:34,7.04704,44.684672,85
750,2016-01-17T00:11:34,7.07725000000001,44.73905,85
751,2016-01-17T00:12:34,7.08732000000001,44.757176,85
752,2016-01-17T00:13:34,7.09739,44.775302,85
753,2016-01-17T00:14:34,7.14774000000001,44.865932,85
754,2016-01-17T00:15:34,7.14774000000001,44.865932,85
755,2016-01-17T00:16:34,7.16788,44.902184,85
756,2016-01-17T00:17:34,7.19809,44.956562,85
757,2016-01-17T00:18:34,7.2283,45.01094,85
758,2016-01-17T00:19:35,7.2283,45.01094,85
759,2016-01-17T00:20:35,7.25851,45.065318,85
760,2016-01-17T00:21:35,7.26858000000001,45.083444,85
761,2016-01-17T00:22:35,7.28872000000001,45.119696,85
762,2016-01-17T00:23:35,7.29879,45.137822,85
763,2016-01-17T00:24:35,7.30886,45.155948,85
764,2016-01-17T00:25:35,7.329,45.1922,85
765,2016-01-17T00:26:35,7.33907000000001,45.210326,86
766,2016-01-17T00:27:35,7.35921,45.246578,86
767,2016-01-17T00:28:35,7.37935,45.28283,86
768,2016-01-17T00:29:35,7.39949000000001,45.319082,86
769,2016-01-17T00:30:35,7.40956000000001,45.337208,86
770,2016-01-17T00:31:35,7.4297,45.37346,86
771,2016-01-17T00:32:35,7.4297,45.37346,86
772,2016-01-17T00:33:35,7.43977,45.391586,86
773,2016-01-17T00:34:35,7.44984,45.409712,86
774,2016-01-17T00:35:35,7.44984,45.409712,86
775,2016-01-17T00:36:36,7.48005000000001,45.46409,86
776,2016-01-17T00:37:36,7.48005000000001,45.46409,86
777,2016-01-17T00:38:36,7.51026,45.518468,86
778,2016-01-17T00:39:36,7.50019,45.500342,86
779,2016-01-17T00:40:36,7.51026,45.518468,86
780,2016-01-17T00:41:36,7.52033,45.536594,86
781,2016-01-17T00:42:36,7.52033,45.536594,86
782,2016-01-17T00:43:36,7.54047000000001,45.572846,86
783,2016-01-17T00:44:36,7.57068,45.627224,86
784,2016-01-17T00:45:36,7.57068,45.627224,86
785,2016-01-17T00:46:36,7.60089000000001,45.681602,86
786,2016-01-17T00:47:36,7.60089000000001,45.681602,86
787,2016-01-17T00:48:36,7.60089000000001,45.681602,87
788,2016-01-17T00:49:36,7.62103,45.717854,86
789,2016-01-17T00:50:37,7.64117,45.754106,87
790,2016-01-17T00:51:37,7.64117,45.754106,87
791,2016-01-17T00:52:37,7.67138000000001,45.808484,87
792,2016-01-17T00:53:37,7.67138000000001,45.808484,87
793,2016-01-17T00:54:37,7.67138000000001,45.808484,87
794,2016-01-17T00:55:37,7.68145000000001,45.82661,87
795,2016-01-17T00:56:37,7.69152,45.844736,87
796,2016-01-17T00:57:37,7.71166,45.880988,87
797,2016-01-17T00:58:37,7.71166,45.880988,87
798,2016-01-17T00:59:37,7.72173,45.899114,87
799,2016-01-17T01:00:37,7.72173,45.899114,87
800,2016-01-17T01:01:37,7.74187000000001,45.935366,87
801,2016-01-17T01:02:37,7.74187000000001,45.935366,87
802,2016-01-17T01:03:37,7.75194000000001,45.953492,87
803,2016-01-17T01:04:37,7.76201,45.971618,87
804,2016-01-17T01:05:38,7.79222,46.025996,87
805,2016-01-17T01:06:38,7.76201,45.971618,87
806,2016-01-17T01:07:38,7.79222,46.025996,87
807,2016-01-17T01:08:38,7.81236000000001,46.062248,87
808,2016-01-17T01:09:38,7.61096000000001,45.699728,84
809,2016-01-17T01:10:38,7.37935,45.28283,82
810,2016-01-17T01:11:38,7.2283,45.01094,81
811,2016-01-17T01:12:38,7.09739,44.775302,78
812,2016-01-17T01:13:38,6.94634000000001,44.503412,73
813,2016-01-17T01:14:38,6.76508,44.177144,67
814,2016-01-17T01:15:38,6.53347,43.760246,62
815,2016-01-17T01:16:38,6.26158,43.270844,57
816,2016-01-17T01:17:38,5.99976,42.799568,54
817,2016-01-17T01:18:38,5.72787,42.310166,53
818,2016-01-17T01:19:38,5.40563,41.730134,51
819,2016-01-17T01:20:38,5.06325,41.11385,50
820,2016-01-17T01:21:39,4.76115,40.57007,51
821,2016-01-17T01:22:39,4.64031000000001,40.352558,58
822,2016-01-17T01:23:39,4.57989000000001,40.243802,65
823,2016-01-17T01:24:39,4.56982000000001,40.225676,71
824,2016-01-17T01:25:39,4.62017,40.316306,75
825,2016-01-17T01:26:39,4.67052,40.406936,78
826,2016-01-17T01:27:39,4.75108,40.551944,81
827,2016-01-17T01:28:39,4.85178000000001,40.733204,82
828,2016-01-17T01:29:39,4.95248,40.914464,84
829,2016-01-17T01:30:39,5.05318,41.095724,85
830,2016-01-17T01:31:39,5.14381,41.258858,86
831,2016-01-17T01:32:39,5.26465,41.47637,86
832,2016-01-17T01:33:39,5.37542000000001,41.675756,86
833,2016-01-17T01:34:39,5.47612,41.857016,87
834,2016-01-17T01:35:39,5.59696,42.074528,87
835,2016-01-17T01:36:39,5.69766000000001,42.255788,87
836,2016-01-17T01:37:40,5.79836,42.437048,87
837,2016-01-17T01:38:40,5.89906000000001,42.618308,86
838,2016-01-17T01:39:40,5.97962,42.763316,87
839,2016-01-17T01:40:40,6.08032,42.944576,86
840,2016-01-17T01:41:40,6.15081000000001,43.071458,86
841,2016-01-17T01:42:40,6.21123,43.180214,86
842,2016-01-17T01:43:40,6.29179000000001,43.325222,86
843,2016-01-17T01:44:40,6.36228000000001,43.452104,86
844,2016-01-17T01:45:40,6.40256,43.524608,86
845,2016-01-17T01:46:40,6.46298,43.633364,86
846,2016-01-17T01:47:40,6.5234,43.74212,86
847,2016-01-17T01:48:40,6.56368000000001,43.814624,86
848,2016-01-17T01:49:40,6.60396,43.887128,86
849,2016-01-17T01:50:40,6.66438,43.995884,86
850,2016-01-17T01:51:41,6.69459000000001,44.050262,85
851,2016-01-17T01:52:41,6.71473,44.086514,86
852,2016-01-17T01:53:41,6.76508,44.177144,85
853,2016-01-17T01:54:41,6.80536,44.249648,85
854,2016-01-17T01:55:41,6.83557,44.304026,85
855,2016-01-17T01:56:41,6.84564,44.322152,85
856,2016-01-17T01:57:41,6.88592000000001,44.394656,85
857,2016-01-17T01:58:41,6.90606,44.430908,86
858,2016-01-17T01:59:41,6.94634000000001,44.503412,85
859,2016-01-17T02:00:41,6.97655,44.55779,85
860,2016-01-17T02:01:41,6.98662,44.575916,85
861,2016-01-17T02:02:41,7.01683000000001,44.630294,85
862,2016-01-17T02:03:41,7.04704,44.684672,85
863,2016-01-17T02:04:41,7.07725000000001,44.73905,86
864,2016-01-17T02:05:42,7.07725000000001,44.73905,85
865,2016-01-17T02:06:42,7.08732000000001,44.757176,86
866,2016-01-17T02:07:42,7.14774000000001,44.865932,86
867,2016-01-17T02:08:42,7.14774000000001,44.865932,86
868,2016-01-17T02:09:42,7.16788,44.902184,86
869,2016-01-17T02:10:42,7.16788,44.902184,86
870,2016-01-17T02:11:42,7.19809,44.956562,86
871,2016-01-17T02:12:42,7.21823000000001,44.992814,86
872,2016-01-17T02:13:42,7.2283,45.01094,86
873,2016-01-17T02:14:42,7.2283,45.01094,86
874,2016-01-17T02:15:42,7.23837,45.029066,86
875,2016-01-17T02:16:42,7.26858000000001,45.083444,86
876,2016-01-17T02:17:42,7.29879,45.137822,86
877,2016-01-17T02:18:42,7.28872000000001,45.119696,86
878,2016-01-17T02:19:43,7.30886,45.155948,86
879,2016-01-17T02:20:43,7.329,45.1922,86
880,2016-01-17T02:21:43,7.33907000000001,45.210326,86
881,2016-01-17T02:22:43,7.35921,45.246578,86
882,2016-01-17T02:23:43,7.36928,45.264704,86
883,2016-01-17T02:24:43,7.37935,45.28283,86
884,2016-01-17T02:25:43,7.39949000000001,45.319082,86
885,2016-01-17T02:26:43,7.40956000000001,45.337208,86
886,2016-01-17T02:27:43,7.4297,45.37346,86
887,2016-01-17T02:28:43,7.43977,45.391586,86
888,2016-01-17T02:29:43,7.44984,45.409712,86
889,2016-01-17T02:30:43,7.44984,45.409712,87
890,2016-01-17T02:31:43,7.46998000000001,45.445964,87
891,2016-01-17T02:32:43,7.48005000000001,45.46409,87
892,2016-01-17T02:33:44,7.48005000000001,45.46409,87
893,2016-01-17T02:34:44,7.50019,45.500342,87
894,2016-01-17T02:35:44,7.52033,45.536594,87
895,2016-01-17T02:36:44,7.50019,45.500342,87
896,2016-01-17T02:37:44,7.51026,45.518468,87
897,2016-01-17T02:38:44,7.54047000000001,45.572846,87
898,2016-01-17T02:39:44,7.55054000000001,45.590972,87
899,2016-01-17T02:40:44,7.57068,45.627224,87
900,2016-01-17T02:41:44,7.57068,45.627224,87
901,2016-01-17T02:42:44,7.60089000000001,45.681602,87
902,2016-01-17T02:43:44,7.60089000000001,45.681602,87
903,2016-01-17T02:44:44,7.61096000000001,45.699728,87
904,2016-01-17T02:45:44,7.61096000000001,45.699728,87
905,2016-01-17T02:46:44,7.64117,45.754106,87
906,2016-01-17T02:47:44,7.65124,45.772232,87
907,2016-01-17T02:48:44,7.67138000000001,45.808484,87
908,2016-01-17T02:49:44,7.67138000000001,45.808484,87
909,2016-01-17T02:50:45,7.69152,45.844736,87
910,2016-01-17T02:51:45,7.71166,45.880988,87
911,2016-01-17T02:52:45,7.69152,45.844736,87
912,2016-01-17T02:53:45,7.72173,45.899114,87
913,2016-01-17T02:54:45,7.72173,45.899114,87
914,2016-01-17T02:55:45,7.74187000000001,45.935366,87
915,2016-01-17T02:56:45,7.75194000000001,45.953492,87
916,2016-01-17T02:57:45,7.76201,45.971618,87
917,2016-01-17T02:58:45,7.76201,45.971618,87
918,2016-01-17T02:59:45,7.76201,45.971618,87
919,2016-01-17T03:00:45,7.78215,46.00787,87
920,2016-01-17T03:01:46,7.79222,46.025996,87
921,2016-01-17T03:02:46,7.64117,45.754106,85
922,2016-01-17T03:03:46,7.40956000000001,45.337208,82
923,2016-01-17T03:04:46,7.23837,45.029066,82
924,2016-01-17T03:05:46,7.09739,44.775302,80
925,2016-01-17T03:06:46,6.97655,44.55779,75
926,2016-01-17T03:07:46,6.76508,44.177144,68
927,2016-01-17T03:08:46,6.55361000000001,43.796498,63
928,2016-01-17T03:09:46,6.26158,43.270844,58
929,2016-01-17T03:10:46,6.00983,42.817694,56
930,2016-01-17T03:11:46,5.73794,42.328292,53
931,2016-01-17T03:12:46,5.40563,41.730134,52
932,2016-01-17T03:13:46,5.09346,41.168228,50
933,2016-01-17T03:14:46,4.78129000000001,40.606322,52
934,2016-01-17T03:15:46,4.64031000000001,40.352558,58
935,2016-01-17T03:16:47,4.57989000000001,40.243802,66
936,2016-01-17T03:17:47,4.60003,40.280054,72
937,2016-01-17T03:18:47,4.6101,40.29818,76
938,2016-01-17T03:19:47,4.68059,40.425062,79
939,2016-01-17T03:20:47,4.75108,40.551944,81
940,2016-01-17T03:21:47,4.84171000000001,40.715078,83
941,2016-01-17T03:22:47,4.93234,40.878212,84
942,2016-01-17T03:23:47,5.05318,41.095724,85
943,2016-01-17T03:24:47,5.14381,41.258858,86
944,2016-01-17T03:25:47,5.26465,41.47637,86
945,2016-01-17T03:26:47,5.36535000000001,41.65763,87
946,2016-01-17T03:27:47,5.45598,41.820764,87
947,2016-01-17T03:28:47,5.55668000000001,42.002024,87
948,2016-01-17T03:29:47,5.65738,42.183284,87
949,2016-01-17T03:30:47,5.76815000000001,42.38267,87
950,2016-01-17T03:31:48,5.85878,42.545804,87
951,2016-01-17T03:32:48,5.96955000000001,42.74519,87
952,2016-01-17T03:33:48,6.05011,42.890198,87
953,2016-01-17T03:34:48,6.14074,43.053332,87
954,2016-01-17T03:35:48,6.21123,43.180214,87
955,2016-01-17T03:36:48,6.28172000000001,43.307096,87
956,2016-01-17T03:37:48,6.35221000000001,43.433978,87
957,2016-01-17T03:38:48,6.39249,43.506482,86
958,2016-01-17T03:39:48,6.46298,43.633364,86
959,2016-01-17T03:40:48,6.50326,43.705868,86
960,2016-01-17T03:41:48,6.56368000000001,43.814624,86
961,2016-01-17T03:42:48,6.60396,43.887128,86
962,2016-01-17T03:43:48,6.62410000000001,43.92338,86
963,2016-01-17T03:44:49,6.66438,43.995884,86
964,2016-01-17T03:45:49,6.70466,44.068388,86
965,2016-01-17T03:46:49,6.74494000000001,44.140892,86
966,2016-01-17T03:47:49,6.77515,44.19527,86
967,2016-01-17T03:48:49,6.81543000000001,44.267774,86
968,2016-01-17T03:49:49,6.83557,44.304026,86
969,2016-01-17T03:50:49,6.85571,44.340278,86
970,2016-01-17T03:51:49,6.88592000000001,44.394656,86
971,2016-01-17T03:52:49,6.90606,44.430908,86
972,2016-01-17T03:53:49,6.9262,44.46716,86
973,2016-01-17T03:54:49,6.95641000000001,44.521538,86
974,2016-01-17T03:55:49,6.97655,44.55779,86
975,2016-01-17T03:56:49,7.00676000000001,44.612168,86
976,2016-01-17T03:57:50,7.00676000000001,44.612168,86
977,2016-01-17T03:58:50,7.04704,44.684672,86
978,2016-01-17T03:59:50,7.05711,44.702798,86
979,2016-01-17T04:00:50,7.08732000000001,44.757176,86
980,2016-01-17T04:01:50,7.08732000000001,44.757176,86
981,2016-01-17T04:02:50,7.1276,44.82968,86
982,2016-01-17T04:03:50,7.14774000000001,44.865932,86
983,2016-01-17T04:04:50,7.14774000000001,44.865932,86
984,2016-01-17T04:05:50,7.15781000000001,44.884058,86
985,2016-01-17T04:06:50,7.18802,44.938436,86
986,2016-01-17T04:07:50,7.19809,44.956562,86
987,2016-01-17T04:08:50,7.21823000000001,44.992814,86
988,2016-01-17T04:09:50,7.2283,45.01094,86
989,2016-01-17T04:10:51,7.23837,45.029066,86
990,2016-01-17T04:11:51,7.26858000000001,45.083444,87
991,2016-01-17T04:12:51,7.26858000000001,45.083444,87
992,2016-01-17T04:13:51,7.28872000000001,45.119696,87
993,2016-01-17T04:14:51,7.28872000000001,45.119696,87
994,2016-01-17T04:15:51,7.30886,45.155948,87
995,2016-01-17T04:16:51,7.30886,45.155948,87
996,2016-01-17T04:17:51,7.33907000000001,45.210326,87
997,2016-01-17T04:18:51,7.35921,45.246578,87
998,2016-01-17T04:19:51,7.36928,45.264704,87
999,2016-01-17T04:20:51,7.36928,45.264704,87
1000,2016-01-17T04:21:51,7.39949000000001,45.319082,87
1001,2016-01-17T04:22:52,7.40956000000001,45.337208,87
1002,2016-01-17T04:23:52,7.4297,45.37346,87
1003,2016-01-17T04:24:52,7.4297,45.37346,87
1004,2016-01-17T04:25:52,7.43977,45.391586,87
1005,2016-01-17T04:26:52,7.44984,45.409712,87
1006,2016-01-17T04:27:52,7.44984,45.409712,87
1007,2016-01-17T04:28:52,7.48005000000001,45.46409,87
1008,2016-01-17T04:29:52,7.48005000000001,45.46409,87
1009,2016-01-17T04:30:52,7.51026,45.518468,87
1010,2016-01-17T04:31:52,7.51026,45.518468,87
1011,2016-01-17T04:32:52,7.51026,45.518468,87
1012,2016-01-17T04:33:52,7.52033,45.536594,87
1013,2016-01-17T04:34:52,7.54047000000001,45.572846,87
1014,2016-01-17T04:35:52,7.55054000000001,45.590972,87
1015,2016-01-17T04:36:52,7.57068,45.627224,87
1016,2016-01-17T04:37:52,7.58075,45.64535,87
1017,2016-01-17T04:38:53,7.60089000000001,45.681602,87
1018,2016-01-17T04:39:53,7.60089000000001,45.681602,88
1019,2016-01-17T04:40:53,7.60089000000001,45.681602,88
1020,2016-01-17T04:41:53,7.64117,45.754106,88
1021,2016-01-17T04:42:53,7.64117,45.754106,88
1022,2016-01-17T04:43:53,7.62103,45.717854,88
1023,2016-01-17T04:44:53,7.64117,45.754106,88
1024,2016-01-17T04:45:53,7.65124,45.772232,88
1025,2016-01-17T04:46:53,7.67138000000001,45.808484,88
1026,2016-01-17T04:47:53,7.69152,45.844736,88
1027,2016-01-17T04:48:53,7.69152,45.844736,88
1028,2016-01-17T04:49:53,7.69152,45.844736,88
1029,2016-01-17T04:50:53,7.71166,45.880988,88
1030,2016-01-17T04:51:53,7.69152,45.844736,88
1031,2016-01-17T04:52:54,7.74187000000001,45.935366,88
1032,2016-01-17T04:53:54,7.72173,45.899114,88
1033,2016-01-17T04:54:54,7.74187000000001,45.935366,88
1034,2016-01-17T04:55:54,7.74187000000001,45.935366,88
1035,2016-01-17T04:56:54,7.75194000000001,45.953492,88
1036,2016-01-17T04:57:54,7.75194000000001,45.953492,88
1037,2016-01-17T04:58:54,7.78215,46.00787,88
1038,2016-01-17T04:59:54,7.78215,46.00787,88
1039,2016-01-17T05:00:54,7.81236000000001,46.062248,88
1040,2016-01-17T05:01:54,7.64117,45.754106,85
1041,2016-01-17T05:02:54,7.40956000000001,45.337208,82
1042,2016-01-17T05:03:54,7.25851,45.065318,82
1043,2016-01-17T05:04:55,7.11753,44.811554,79
1044,2016-01-17T05:05:55,6.95641000000001,44.521538,74
1045,2016-01-17T05:06:55,6.73487,44.122766,68
1046,2016-01-17T05:07:55,6.46298,43.633364,63
1047,2016-01-17T05:08:55,6.18102,43.125836,59
1048,2016-01-17T05:09:55,5.93934,42.690812,57
1049,2016-01-17T05:10:55,5.59696,42.074528,54
1050,2016-01-17T05:11:55,5.26465,41.47637,52
1051,2016-01-17T05:12:55,4.89206,40.805708,51
1052,2016-01-17T05:13:55,4.64031000000001,40.352558,54
1053,2016-01-17T05:14:55,4.49933,40.098794,61
1054,2016-01-17T05:15:55,4.46912,40.044416,68
1055,2016-01-17T05:16:55,4.47919,40.062542,74
1056,2016-01-17T05:17:56,4.52954,40.153172,78
1057,2016-01-17T05:18:56,4.60003,40.280054,81
1058,2016-01-17T05:19:56,4.69066,40.443188,83
1059,2016-01-17T05:20:56,4.79136,40.624448,84
1060,2016-01-17T05:21:56,4.88199,40.787582,86
1061,2016-01-17T05:22:56,5.00283,41.005094,86
1062,2016-01-17T05:23:56,5.10353000000001,41.186354,87
1063,2016-01-17T05:24:56,5.2143,41.38574,88
1064,2016-01-17T05:25:56,5.33514,41.603252,88
1065,2016-01-17T05:26:56,5.43584000000001,41.784512,88
1066,2016-01-17T05:27:56,5.54661,41.983898,88
1067,2016-01-17T05:28:56,5.62717000000001,42.128906,89
1068,2016-01-17T05:29:57,5.73794,42.328292,88
1069,2016-01-17T05:30:57,5.83864000000001,42.509552,88
1070,2016-01-17T05:31:57,5.92927,42.672686,88
1071,2016-01-17T05:32:57,6.02997000000001,42.853946,88
1072,2016-01-17T05:33:57,6.11053,42.998954,88
1073,2016-01-17T05:34:57,6.18102,43.125836,88
1074,2016-01-17T05:35:57,6.26158,43.270844,88
1075,2016-01-17T05:36:57,6.31193,43.361474,88
1076,2016-01-17T05:37:57,6.38242,43.488356,88
1077,2016-01-17T05:38:57,6.43277000000001,43.578986,87
1078,2016-01-17T05:39:57,6.49319000000001,43.687742,87
1079,2016-01-17T05:40:57,6.5234,43.74212,87
